,AAA,AA,A,BBB,BB,B,C,D
AAA,0.11764705882352941,0.12941176470588237,0.11764705882352941,0.12156862745098039,0.13333333333333333,0.11372549019607843,0.12549019607843137,0.1411764705882353
AA,0.12307692307692308,0.14615384615384616,0.1346153846153846,0.13846153846153847,0.1346153846153846,0.12307692307692308,0.09230769230769231,0.1076923076923077
A,0.13983050847457626,0.11440677966101695,0.1059322033898305,0.1440677966101695,0.11016949152542373,0.1483050847457627,0.1016949152542373,0.13559322033898305
BBB,0.1581196581196581,0.10683760683760683,0.14102564102564102,0.11538461538461539,0.13247863247863248,0.10256410256410256,0.12393162393162394,0.11965811965811966
BB,0.11836734693877551,0.1469387755102041,0.13877551020408163,0.061224489795918366,0.12653061224489795,0.12244897959183673,0.1469387755102041,0.13877551020408163
B,0.15079365079365079,0.1111111111111111,0.11507936507936507,0.13095238095238096,0.11904761904761904,0.1111111111111111,0.15079365079365079,0.1111111111111111
C,0.15636363636363637,0.14181818181818182,0.08363636363636363,0.08727272727272728,0.09090909090909091,0.16,0.16727272727272727,0.11272727272727273
D,0.11522633744855967,0.13168724279835392,0.09876543209876543,0.13991769547325103,0.1440329218106996,0.13580246913580246,0.09465020576131687,0.13991769547325103
