,AAA,AA,A,BBB,BB,B,C,D
AAA,0.13157894736842105,0.09774436090225563,0.10526315789473684,0.14285714285714285,0.12781954887218044,0.13157894736842105,0.13157894736842105,0.13157894736842105
AA,0.12033195020746888,0.12863070539419086,0.15767634854771784,0.08713692946058091,0.12033195020746888,0.14937759336099585,0.13692946058091288,0.0995850622406639
A,0.10330578512396695,0.1322314049586777,0.1115702479338843,0.17355371900826447,0.12396694214876033,0.10743801652892562,0.13636363636363635,0.1115702479338843
BBB,0.1688888888888889,0.09777777777777778,0.1511111111111111,0.08888888888888889,0.12444444444444444,0.14222222222222222,0.13777777777777778,0.08888888888888889
BB,0.12962962962962962,0.1259259259259259,0.14814814814814814,0.13333333333333333,0.12222222222222222,0.1,0.1259259259259259,0.11481481481481481
B,0.10566037735849057,0.10566037735849057,0.10566037735849057,0.16981132075471697,0.13584905660377358,0.1471698113207547,0.12075471698113208,0.10943396226415095
C,0.10714285714285714,0.11904761904761904,0.13095238095238096,0.1349206349206349,0.11904761904761904,0.13095238095238096,0.11904761904761904,0.1388888888888889
D,0.1297071129707113,0.13807531380753138,0.14225941422594143,0.09205020920502092,0.12133891213389121,0.14225941422594143,0.13389121338912133,0.100418410041841
