,AAA,AA,A,BBB,BB,B,C,D
AAA,0.13703703703703704,0.15555555555555556,0.1037037037037037,0.10740740740740741,0.1259259259259259,0.11851851851851852,0.1111111111111111,0.14074074074074075
AA,0.12790697674418605,0.15891472868217055,0.12403100775193798,0.13565891472868216,0.10077519379844961,0.10465116279069768,0.13565891472868216,0.1124031007751938
A,0.09012875536480687,0.12017167381974249,0.14163090128755365,0.15450643776824036,0.09012875536480687,0.15021459227467812,0.16738197424892703,0.08583690987124463
BBB,0.11538461538461539,0.11538461538461539,0.14102564102564102,0.10256410256410256,0.13675213675213677,0.12393162393162394,0.15384615384615385,0.1111111111111111
BB,0.11740890688259109,0.145748987854251,0.13765182186234817,0.10121457489878542,0.13765182186234817,0.10931174089068826,0.13360323886639677,0.11740890688259109
B,0.11764705882352941,0.08235294117647059,0.12549019607843137,0.1411764705882353,0.09411764705882353,0.16862745098039217,0.13725490196078433,0.13333333333333333
C,0.13095238095238096,0.14285714285714285,0.1349206349206349,0.12698412698412698,0.10714285714285714,0.0992063492063492,0.1349206349206349,0.12301587301587301
D,0.11553784860557768,0.11553784860557768,0.12749003984063745,0.11553784860557768,0.14741035856573706,0.1394422310756972,0.12749003984063745,0.11155378486055777
