,AAA,AA,A,BBB,BB,B,C,D
AAA,0.15725806451612903,0.10483870967741936,0.11693548387096774,0.09274193548387097,0.12903225806451613,0.15725806451612903,0.13306451612903225,0.10887096774193548
AA,0.15079365079365079,0.11507936507936507,0.11507936507936507,0.1388888888888889,0.11507936507936507,0.14682539682539683,0.08333333333333333,0.1349206349206349
A,0.11555555555555555,0.12444444444444444,0.12,0.09333333333333334,0.15555555555555556,0.15555555555555556,0.14222222222222222,0.09333333333333334
BBB,0.14344262295081966,0.13114754098360656,0.09836065573770492,0.12704918032786885,0.11885245901639344,0.13934426229508196,0.13934426229508196,0.10245901639344263
BB,0.10902255639097744,0.13157894736842105,0.10526315789473684,0.13533834586466165,0.12781954887218044,0.11278195488721804,0.13533834586466165,0.14285714285714285
B,0.12890625,0.125,0.171875,0.0859375,0.12890625,0.125,0.12109375,0.11328125
C,0.13962264150943396,0.09433962264150944,0.12830188679245283,0.1169811320754717,0.1509433962264151,0.1018867924528302,0.1320754716981132,0.13584905660377358
D,0.11885245901639344,0.13934426229508196,0.11065573770491803,0.10655737704918032,0.1557377049180328,0.12704918032786885,0.12295081967213115,0.11885245901639344
