,AAA,AA,A,BBB,BB,B,C,D
AAA,0.12903225806451613,0.13306451612903225,0.11290322580645161,0.12903225806451613,0.14112903225806453,0.10887096774193548,0.11290322580645161,0.13306451612903225
AA,0.11016949152542373,0.13559322033898305,0.11864406779661017,0.15254237288135594,0.1228813559322034,0.1271186440677966,0.09745762711864407,0.13559322033898305
A,0.15267175572519084,0.12213740458015267,0.10305343511450382,0.14885496183206107,0.1297709923664122,0.10305343511450382,0.10687022900763359,0.13358778625954199
BBB,0.13565891472868216,0.16666666666666666,0.1124031007751938,0.13178294573643412,0.1124031007751938,0.10465116279069768,0.12790697674418605,0.10852713178294573
BB,0.14859437751004015,0.12048192771084337,0.13253012048192772,0.10843373493975904,0.11244979919678715,0.10843373493975904,0.13253012048192772,0.13654618473895583
B,0.1450381679389313,0.13358778625954199,0.1183206106870229,0.11450381679389313,0.13358778625954199,0.13740458015267176,0.1297709923664122,0.08778625954198473
C,0.13076923076923078,0.11538461538461539,0.1,0.1076923076923077,0.09615384615384616,0.18076923076923077,0.1346153846153846,0.1346153846153846
D,0.1111111111111111,0.10666666666666667,0.12,0.12444444444444444,0.11555555555555555,0.17777777777777778,0.1511111111111111,0.09333333333333334
