,AAA,AA,A,BBB,BB,B,C,D
AAA,0.12734082397003746,0.15730337078651685,0.07865168539325842,0.14606741573033707,0.09737827715355805,0.1198501872659176,0.14232209737827714,0.13108614232209737
AA,0.11969111969111969,0.11583011583011583,0.10810810810810811,0.1274131274131274,0.1274131274131274,0.16602316602316602,0.138996138996139,0.09652509652509653
A,0.11353711790393013,0.14410480349344978,0.1572052401746725,0.11353711790393013,0.13100436681222707,0.11353711790393013,0.12663755458515283,0.10043668122270742
BBB,0.15354330708661418,0.14566929133858267,0.10236220472440945,0.1220472440944882,0.0984251968503937,0.1062992125984252,0.1141732283464567,0.15748031496062992
BB,0.15352697095435686,0.11618257261410789,0.12863070539419086,0.11203319502074689,0.1037344398340249,0.11618257261410789,0.14107883817427386,0.12863070539419086
B,0.10344827586206896,0.11877394636015326,0.12643678160919541,0.09578544061302682,0.15708812260536398,0.1532567049808429,0.13409961685823754,0.1111111111111111
C,0.10887096774193548,0.13306451612903225,0.10483870967741936,0.11290322580645161,0.14112903225806453,0.125,0.1532258064516129,0.12096774193548387
D,0.14107883817427386,0.1078838174273859,0.14522821576763487,0.1037344398340249,0.12448132780082988,0.1037344398340249,0.14937759336099585,0.12448132780082988
