,AAA,AA,A,BBB,BB,B,C,D
AAA,0.11522633744855967,0.12757201646090535,0.11934156378600823,0.11934156378600823,0.16049382716049382,0.12345679012345678,0.13168724279835392,0.102880658436214
AA,0.11604095563139932,0.09556313993174062,0.18771331058020477,0.12627986348122866,0.11945392491467577,0.14675767918088736,0.10580204778156997,0.10238907849829351
A,0.1320754716981132,0.13584905660377358,0.12452830188679245,0.13584905660377358,0.16226415094339622,0.12075471698113208,0.09811320754716982,0.09056603773584905
BBB,0.15,0.1076923076923077,0.13846153846153847,0.11153846153846154,0.1076923076923077,0.13846153846153847,0.1423076923076923,0.10384615384615385
BB,0.12096774193548387,0.10080645161290322,0.0967741935483871,0.11290322580645161,0.13709677419354838,0.125,0.1774193548387097,0.12903225806451613
B,0.12669683257918551,0.12217194570135746,0.11764705882352941,0.1085972850678733,0.12217194570135746,0.1493212669683258,0.1085972850678733,0.14479638009049775
C,0.11504424778761062,0.12389380530973451,0.12389380530973451,0.12389380530973451,0.12831858407079647,0.11946902654867257,0.11061946902654868,0.15486725663716813
D,0.12295081967213115,0.13524590163934427,0.14754098360655737,0.15163934426229508,0.12704918032786885,0.11885245901639344,0.0942622950819672,0.10245901639344263
