,AAA,AA,A,BBB,BB,B,C,D
AAA,0.09293680297397769,0.13011152416356878,0.13011152416356878,0.15613382899628253,0.1449814126394052,0.09665427509293681,0.11524163568773234,0.13382899628252787
AA,0.13653136531365315,0.11439114391143912,0.09225092250922509,0.14022140221402213,0.13284132841328414,0.12177121771217712,0.13284132841328414,0.12915129151291513
A,0.15254237288135594,0.11440677966101695,0.11016949152542373,0.1228813559322034,0.09745762711864407,0.16101694915254236,0.11440677966101695,0.1271186440677966
BBB,0.09649122807017543,0.12719298245614036,0.10964912280701754,0.10087719298245613,0.14035087719298245,0.11842105263157894,0.17543859649122806,0.13157894736842105
BB,0.11894273127753303,0.1894273127753304,0.08370044052863436,0.13656387665198239,0.13656387665198239,0.13215859030837004,0.11894273127753303,0.08370044052863436
B,0.12648221343873517,0.1422924901185771,0.09486166007905138,0.08695652173913043,0.14624505928853754,0.11857707509881422,0.1383399209486166,0.14624505928853754
C,0.13253012048192772,0.09236947791164658,0.1285140562248996,0.09236947791164658,0.13654618473895583,0.1566265060240964,0.15261044176706828,0.10843373493975904
D,0.1348314606741573,0.10486891385767791,0.14606741573033707,0.1348314606741573,0.12734082397003746,0.12359550561797752,0.11610486891385768,0.11235955056179775
