,AAA,AA,A,BBB,BB,B,C,D
AAA,0.132,0.148,0.1,0.116,0.12,0.156,0.148,0.08
AA,0.1652542372881356,0.09745762711864407,0.1059322033898305,0.11016949152542373,0.13559322033898305,0.11864406779661017,0.1228813559322034,0.1440677966101695
A,0.11610486891385768,0.14232209737827714,0.149812734082397,0.1198501872659176,0.11235955056179775,0.10112359550561797,0.10486891385767791,0.15355805243445692
BBB,0.13709677419354838,0.13306451612903225,0.14919354838709678,0.08870967741935484,0.12096774193548387,0.14112903225806453,0.0967741935483871,0.13306451612903225
BB,0.11278195488721804,0.14285714285714285,0.11278195488721804,0.09022556390977443,0.13157894736842105,0.14661654135338345,0.12406015037593984,0.13909774436090225
B,0.1685823754789272,0.1417624521072797,0.10727969348659004,0.13026819923371646,0.09578544061302682,0.1111111111111111,0.10727969348659004,0.13793103448275862
C,0.09917355371900827,0.12396694214876033,0.10330578512396695,0.1487603305785124,0.11570247933884298,0.09504132231404959,0.15702479338842976,0.15702479338842976
D,0.14782608695652175,0.15217391304347827,0.11304347826086956,0.10869565217391304,0.07391304347826087,0.14347826086956522,0.1391304347826087,0.12173913043478261
